1,1,	0.000000,	6.771748,	0.778260,	0.000000,	7.550140
1,2,	0.000000,	3.588022,	0.773284,	0.000000,	4.422720
1,3,	0.000000,	2.538345,	0.770683,	0.000000,	3.309209
1,4,	0.000000,	2.003966,	0.771462,	0.000000,	2.775566
1,5,	0.000000,	1.689794,	0.765246,	0.000000,	2.455171
1,6,	0.000000,	1.488079,	0.768015,	0.000000,	2.256235
1,7,	0.000000,	1.339000,	0.767874,	0.000000,	2.107019
1,8,	0.000000,	1.229144,	0.769614,	0.000000,	1.998955
1,9,	0.000000,	1.150027,	0.768430,	0.000000,	1.918599
1,10,	0.000000,	1.082235,	0.767161,	0.000000,	1.849539
1,11,	0.000000,	1.027652,	0.771197,	0.000000,	1.798983
1,12,	0.000000,	0.984791,	0.774409,	0.000000,	1.759347
1,13,	0.000000,	0.989418,	0.768725,	0.000000,	1.758320
1,14,	0.000001,	0.987040,	0.767600,	0.000000,	1.754855
1,15,	0.000000,	1.000025,	0.774134,	0.000000,	1.774337
1,16,	0.000000,	1.037395,	0.768253,	0.000000,	1.805818
1,17,	0.000000,	1.051892,	0.768664,	0.000000,	1.826194
1,18,	0.000000,	1.028136,	0.767912,	0.000000,	1.796219
1,19,	0.000000,	1.071983,	0.769790,	0.000000,	1.841933
1,20,	0.000000,	1.082126,	0.771577,	0.000000,	1.853929
1,21,	0.000000,	1.040155,	0.770283,	0.000000,	1.810605
1,22,	0.000000,	1.102053,	0.802774,	0.000000,	1.905001
1,23,	0.000000,	1.130659,	0.768900,	0.000000,	1.899731
1,24,	0.000000,	1.102690,	0.770731,	0.000000,	1.873590
2,1,	0.253218,	3.272381,	0.389508,	0.214867,	4.130313
2,2,	0.182951,	1.738233,	0.386137,	0.133764,	2.442947
2,3,	0.159537,	1.231472,	0.385711,	0.115850,	1.897484
2,4,	0.147805,	0.974279,	0.384793,	0.097557,	1.609647
2,5,	0.141345,	0.824292,	0.385071,	0.087092,	1.440835
2,6,	0.135809,	0.726408,	0.387026,	0.079464,	1.331244
2,7,	0.132666,	0.655589,	0.383988,	0.074918,	1.250602
2,8,	0.129999,	0.601600,	0.384115,	0.071099,	1.190772
2,9,	0.128522,	0.563780,	0.384423,	0.068436,	1.148359
2,10,	0.127121,	0.531995,	0.384657,	0.065973,	1.113035
2,11,	0.125960,	0.509188,	0.384352,	0.064344,	1.085646
2,12,	0.125756,	0.488091,	0.384836,	0.062856,	1.063832
2,13,	0.134907,	0.497399,	0.384340,	0.072215,	1.089694
2,14,	0.132924,	0.513620,	0.384801,	0.070898,	1.103111
2,15,	0.131534,	0.505856,	0.385091,	0.069326,	1.092661
2,16,	0.130959,	0.528618,	0.406286,	0.067813,	1.134634
2,17,	0.129616,	0.504982,	0.385341,	0.066798,	1.117748
2,18,	0.129031,	0.536489,	0.385446,	0.065992,	1.164008
2,19,	0.128358,	0.555795,	0.387646,	0.064555,	1.150752
2,20,	0.127580,	0.565811,	0.386166,	0.064600,	1.145032
2,21,	0.126788,	0.583203,	0.386162,	0.063767,	1.160918
2,22,	0.125749,	0.538291,	0.386053,	0.062277,	1.130130
2,23,	0.125358,	0.565738,	0.387123,	0.061961,	1.168817
2,24,	0.124972,	0.618056,	0.408369,	0.059978,	1.214516
3,1,	0.787008,	3.152124,	0.390001,	0.661466,	8.806093
3,2,	0.588007,	1.607937,	0.374710,	0.434457,	4.695086
3,3,	0.512007,	1.083937,	0.363111,	0.335504,	3.567100
3,4,	0.473007,	0.841936,	0.374956,	0.291451,	3.040103
3,5,	0.449008,	0.608039,	0.388648,	0.264433,	2.683100
3,6,	0.443008,	0.512941,	0.364655,	0.252453,	2.516096
3,7,	0.424007,	0.423928,	0.370538,	0.236440,	2.334101
3,8,	0.418007,	0.381019,	0.381102,	0.238449,	2.252097
3,9,	0.417008,	0.387949,	0.366586,	0.228491,	2.199099
3,10,	0.414006,	0.316938,	0.372780,	0.218439,	2.126100
3,11,	0.412008,	0.276962,	0.388551,	0.202451,	2.060896
3,12,	0.400008,	0.283001,	0.376523,	0.192431,	2.014100
3,13,	0.421334,	0.296618,	0.509588,	0.228431,	2.071094
3,14,	0.419758,	0.265199,	0.468748,	0.228450,	2.101102
3,15,	0.413384,	0.288585,	0.498511,	0.227453,	2.130099
3,16,	0.410393,	0.297720,	0.492618,	0.222456,	2.141099
3,17,	0.393437,	0.253506,	0.458655,	0.219455,	2.049097
3,18,	0.400450,	0.300568,	0.471560,	0.220454,	2.142101
3,19,	0.405457,	0.282521,	0.451340,	0.218454,	2.160099
3,20,	0.402885,	0.313094,	0.471413,	0.204453,	2.129102
3,21,	0.394897,	0.323106,	0.472312,	0.201458,	2.158095
3,22,	0.393529,	0.326448,	0.379254,	0.216463,	2.174106
3,23,	0.394548,	0.335423,	0.493318,	0.212452,	2.142099
3,24,	0.390588,	0.501370,	0.452968,	0.213446,	2.200086
4,1,	0.794097,	3.155356,	0.390279,	0.698715,	5.096602
4,2,	0.583290,	1.675808,	0.375745,	0.440257,	3.164643
4,3,	0.504347,	1.179625,	0.375080,	0.358057,	2.491391
4,4,	0.472253,	0.935693,	0.388372,	0.302279,	2.161654
4,5,	0.457009,	0.789941,	0.388700,	0.279356,	1.981694
4,6,	0.430007,	0.674737,	0.398052,	0.255661,	1.819594
4,7,	0.436052,	0.570911,	0.375340,	0.248711,	1.753572
4,8,	0.421274,	0.500798,	0.381845,	0.224985,	1.733675
4,9,	0.418220,	0.460748,	0.388307,	0.225342,	1.626556
4,10,	0.421296,	0.448691,	0.388526,	0.240168,	1.615655
4,11,	0.414243,	0.470710,	0.377817,	0.231931,	1.596665
4,12,	0.402371,	0.432571,	0.388416,	0.211565,	1.528927
4,13,	0.422999,	0.364736,	0.381181,	0.230416,	1.510285
4,14,	0.423053,	0.404711,	0.382975,	0.228562,	1.497265
4,15,	0.423084,	0.401931,	0.388914,	0.234822,	1.571439
4,16,	0.421304,	0.444669,	0.392064,	0.219402,	1.547293
4,17,	0.402310,	0.416796,	0.392804,	0.218483,	1.548190
4,18,	0.408008,	0.434202,	0.402117,	0.220481,	1.538244
4,19,	0.411364,	0.432459,	0.391508,	0.232507,	1.576076
4,20,	0.430002,	0.438127,	0.395494,	0.205408,	1.574222
4,21,	0.412296,	0.490779,	0.397402,	0.228264,	1.632610
4,22,	0.411097,	0.447278,	0.392797,	0.232484,	1.584974
4,23,	0.408095,	0.504226,	0.399468,	0.204016,	1.601792
4,24,	0.414095,	0.539741,	0.394325,	0.232328,	1.642648
5,1,	1.427056,	2.263914,	0.294292,	1.169770,	13.647617
5,2,	1.031948,	1.153979,	0.277651,	0.715374,	6.157661
5,3,	0.874056,	0.738871,	0.278408,	0.569961,	4.669677
5,4,	0.831059,	0.493896,	0.281332,	0.513967,	4.063591
5,5,	0.820836,	0.417079,	0.248926,	0.464218,	3.691590
5,6,	0.799064,	0.387885,	0.287027,	0.453659,	3.507633
5,7,	0.758858,	0.320139,	0.239834,	0.440655,	3.346497
5,8,	0.753175,	0.290794,	0.267223,	0.391635,	3.202637
5,9,	0.754060,	0.285892,	0.283867,	0.381250,	3.264872
5,10,	0.763058,	0.243537,	0.240182,	0.375896,	3.132746
5,11,	0.745066,	0.231024,	0.300609,	0.368232,	3.216627
5,12,	0.712105,	0.229357,	0.282798,	0.362197,	3.221676
5,13,	0.722058,	0.195446,	0.296952,	0.377656,	3.019728
5,14,	0.720880,	0.253994,	0.280355,	0.354472,	2.992904
5,15,	0.710101,	0.222472,	0.220412,	0.375470,	3.036697
5,16,	0.691341,	0.198914,	0.203576,	0.372631,	2.986094
5,17,	0.712998,	0.225088,	0.292152,	0.364490,	3.011695
5,18,	0.737751,	0.257237,	0.251428,	0.359751,	3.130523
5,19,	0.718818,	0.258133,	0.262033,	0.371654,	3.093707
5,20,	0.703064,	0.233892,	0.290802,	0.337585,	3.034815
5,21,	0.719095,	0.239058,	0.251880,	0.341247,	3.113175
5,22,	0.695836,	0.254129,	0.300641,	0.348659,	3.160136
5,23,	0.728000,	0.224645,	0.256670,	0.351982,	3.072948
5,24,	0.690060,	0.231833,	0.253458,	0.343526,	3.043624
6,1,	1.396059,	2.273536,	0.293576,	1.190733,	7.996616
6,2,	1.032061,	1.198875,	0.277679,	0.722854,	4.287627
6,3,	0.887061,	0.822892,	0.283046,	0.568434,	3.319573
6,4,	0.860001,	0.634896,	0.277187,	0.520102,	2.990563
6,5,	0.821057,	0.461933,	0.274992,	0.475726,	2.748688
6,6,	0.781058,	0.429612,	0.292066,	0.448106,	2.575623
6,7,	0.779053,	0.415028,	0.282220,	0.419143,	2.482534
6,8,	0.741063,	0.376884,	0.286309,	0.419379,	2.351604
6,9,	0.764874,	0.347054,	0.270045,	0.397589,	2.335620
6,10,	0.717059,	0.256323,	0.277531,	0.402541,	2.268587
6,11,	0.747061,	0.257031,	0.295924,	0.372705,	2.256361
6,12,	0.715864,	0.351070,	0.294412,	0.390148,	2.211695
6,13,	0.750999,	0.214421,	0.339682,	0.401673,	2.271665
6,14,	0.757002,	0.220385,	0.352373,	0.423670,	2.270159
6,15,	0.719000,	0.268588,	0.331611,	0.380492,	2.220155
6,16,	0.692064,	0.239761,	0.379973,	0.369627,	2.206360
6,17,	0.704863,	0.262100,	0.331171,	0.349972,	2.168042
6,18,	0.734001,	0.229126,	0.334772,	0.375654,	2.289145
6,19,	0.719144,	0.287818,	0.343667,	0.345494,	2.297251
6,20,	0.729058,	0.283075,	0.325948,	0.342486,	2.237412
6,21,	0.749060,	0.235397,	0.359607,	0.375260,	2.320199
6,22,	0.724000,	0.240913,	0.371349,	0.382851,	2.330493
6,23,	0.724003,	0.269445,	0.316988,	0.334300,	2.286402	
6,24,	0.699903,	0.297030,	0.340378,	0.344509,	2.271903	
7,1,	1.886099,	2.997197,	0.394338,	1.568987,	10.672471	
7,2,	1.434000,	1.601943,	0.360957,	1.014535,	5.621626	
7,3,	1.274000,	1.092855,	0.400390,	0.835968,	4.535921	
7,4,	1.172001,	0.777940,	0.390355,	0.723078,	3.944642	
7,5,	1.149999,	0.651941,	0.365764,	0.659996,	3.610635	
7,6,	1.103999,	0.575934,	0.398624,	0.616123,	3.446609	
7,7,	1.051053,	0.531888,	0.406326,	0.611679,	3.340597	
7,8,	1.088058,	0.453873,	0.412978,	0.601602,	3.240612	
7,9,	1.013085,	0.403848,	0.365563,	0.604132,	3.136680	
7,10,	1.006063,	0.319586,	0.404816,	0.552344,	3.091433	
7,11,	0.993102,	0.437831,	0.386626,	0.509217,	2.934677	
7,12,	0.942104,	0.319866,	0.393694,	0.512396,	2.898569	
7,13,	1.029053,	0.284867,	0.442219,	0.518464,	2.909652	
7,14,	0.973002,	0.313805,	0.428991,	0.523655,	2.885100	
7,15,	0.967058,	0.321918,	0.375673,	0.573998,	2.961580	
7,16,	0.996057,	0.277983,	0.417482,	0.571996,	3.034621	
7,17,	1.013029,	0.307470,	0.420620,	0.507471,	2.968769	
7,18,	0.974057,	0.335914,	0.421841,	0.493622,	2.878654	
7,19,	0.936055,	0.296466,	0.446659,	0.507740,	2.952865	
7,20,	0.927115,	0.314816,	0.428370,	0.486477,	2.892282	
7,21,	0.980058,	0.339025,	0.436147,	0.507467,	3.006620	
7,22,	0.924058,	0.333225,	0.445748,	0.560000,	3.042892	
7,23,	0.952001,	0.283636,	0.413975,	0.468652,	2.907834	
7,24,	0.968941,	0.346619,	0.438840,	0.472523,	2.919395	
8,1,	1.847055,	3.031557,	0.373204,	1.598186,	7.146623	
8,2,	1.402221,	1.575964,	0.386822,	1.006699,	4.694703	
8,3,	1.362003,	1.135890,	0.361594,	0.853324,	3.949720	
8,4,	1.227456,	0.880461,	0.361466,	0.712241,	3.468739	
8,5,	1.141999,	0.708937,	0.392985,	0.705953,	3.294502	
8,6,	1.074745,	0.645196,	0.402103,	0.641659,	3.056137	
8,7,	1.058000,	0.526932,	0.370286,	0.562860,	2.886987	
8,8,	1.006098,	0.496457,	0.360791,	0.484965,	2.819990	
8,9,	1.017514,	0.527431,	0.351220,	0.521468,	2.795362	
8,10,	1.013060,	0.428879,	0.373701,	0.531448,	2.720973	
8,11,	1.026181,	0.449757,	0.363113,	0.544368,	2.703542	
8,12,	0.943059,	0.444857,	0.363901,	0.502196,	2.558953	
8,13,	1.043054,	0.348787,	0.396221,	0.563862,	2.601599	
8,14,	0.959223,	0.335704,	0.410046,	0.543898,	2.535079	
8,15,	0.968060,	0.443906,	0.373244,	0.528036,	2.537800	
8,16,	0.962100,	0.396014,	0.400720,	0.530635,	2.591598	
8,17,	0.999043,	0.347395,	0.379822,	0.528485,	2.623855	
8,18,	0.951052,	0.356977,	0.403457,	0.575624,	2.630799	
8,19,	0.979505,	0.458467,	0.375950,	0.461959,	2.642708
8,20,	0.965052,	0.421895,	0.404797,	0.564460,	2.629132
8,21,	0.932055,	0.428732,	0.402654,	0.470480,	2.565816
8,22,	0.964405,	0.390270,	0.405104,	0.503892,	2.602544
8,23,	0.957063,	0.487906,	0.409065,	0.504985,	2.641728
8,24,	0.950058,	0.437925,	0.400571,	0.501335,	2.604991
9,1,	2.628004,	1.820986,	0.225497,	2.143552,	23.21234	
9,2,	2.041008,	0.912013,	0.224623,	1.381513,	8.999122
9,3,	1.641005,	0.643876,	0.225105,	1.142419,	7.110034
9,4,	1.580002,	0.486934,	0.225152,	1.004815,	6.426220
9,5,	1.579003,	0.371466,	0.228386,	0.957865,	6.132763
9,6,	1.534001,	0.381930,	0.276579,	0.908998,	6.016017
9,7,	1.534004,	0.307929,	0.185291,	0.875891,	5.647120
9,8,	1.427008,	0.243968,	0.204494,	0.826724,	5.445885
9,9,	1.391005,	0.310936,	0.225006,	0.847422,	5.668120
9,10,	1.442002,	0.246940,	0.224013,	0.725218,	5.523210
,11,	1.483001,	0.267496,	0.256108,	0.751996,	5.526302
9,12,	1.357003,	0.219010,	0.280400,	0.755462,	5.443915
9,13,	1.396614,	0.185408,	0.249337,	0.797871,	5.043989
9,14,	1.458426,	0.184543,	0.192725,	0.768683,	5.100511
9,15,	1.359488,	0.195751,	0.227396,	0.762346,	4.934669
9,16,	1.339526,	0.164599,	0.207479,	0.807971,	5.300086
9,17,	1.420559,	0.220704,	0.237971,	0.735977,	5.068008
9,18,	1.309526,	0.225495,	0.211840,	0.714975,	4.927310
9,19,	1.415747,	0.220202,	0.184232,	0.736697,	5.050274
9,20,	1.349052,	0.259912,	0.161267,	0.767998,	5.080973
9,21,	1.351421,	0.238575,	0.169886,	0.773998,	5.207699
9,22,	1.394680,	0.283310,	0.205259,	0.777704,	5.130527
9,23,	1.403634,	0.242518,	0.195439,	0.739900,	5.363202
9,24,	1.298662,	0.198076,	0.226027,	0.784997,	5.237472
10,1,	2.552006,	1.813486,	0.225416,	2.139001,	13.78383	
10,2,	2.078005,	0.947736,	0.225142,	1.369076,	6.748067
10,3,	1.782003,	0.674928,	0.224077,	1.096489,	5.467248
10,4,	1.727004,	0.589933,	0.225076,	1.041001,	5.057919
10,5,	1.564004,	0.417705,	0.272113,	0.962916,	4.707535
10,6,	1.542001,	0.361937,	0.242939,	0.782632,	4.393129
10,7,	1.602004,	0.325932,	0.225497,	0.879749,	4.384121
10,8,	1.521003,	0.229453,	0.250876,	0.841690,	4.334689
10,9,	1.465002,	0.357933,	0.214528,	0.751031,	4.195214
10,10,	1.468003,	0.262058,	0.241119,	0.740272,	4.055143
10,11,	1.411003,	0.307930,	0.219257,	0.732872,	4.181304
10,12,	1.417001,	0.252903,	0.220956,	0.747041,	3.934351
10,13,	1.401119,	0.195842,	0.249261,	0.765689,	3.907531
10,14,	1.427171,	0.197278,	0.267087,	0.763822,	3.939128
10,15,	1.426082,	0.219286,	0.305843,	0.801997,	3.925360
10,16,	1.434089,	0.215119,	0.246711,	0.774810,	3.941221
10,17,	1.421170,	0.196657,	0.269528,	0.757711,	3.918735
10,18,	1.416198,	0.212756,	0.278729,	0.787999,	4.000868
10,19,	1.411910,	0.134008,	0.303562,	0.725637,	3.849535
10,20,	1.301048,	0.180283,	0.299838,	0.741638,	3.802956
10,21,	1.368167,	0.219199,	0.295016,	0.729565,	4.023452
10,22,	1.357061,	0.226927,	0.325413,	0.719907,	3.874125
10,23,	1.258107,	0.281951,	0.277625,	0.704451,	3.843682
10,24,	1.366642,	0.264349,	0.240240,	0.689138,	3.891601
11,1,	3.224003,	2.168673,	0.269415,	2.515176,	16.672246	
11,2,	2.287004,	1.123091,	0.269169,	1.585037,	7.925684
11,3,	2.058004,	0.809903,	0.255285,	1.354643,	6.583279	
11,4,	2.018002,	0.666922,	0.269238,	1.173167,	5.946656	
11,5,	1.887394,	0.466703,	0.279566,	1.096544,	5.514141	
11,6,	1.920018,	0.362050,	0.285529,	1.005949,	5.123348	
11,7,	1.780661,	0.421274,	0.266313,	0.969992,	4.987360	
11,8,	1.747001,	0.427585,	0.237815,	0.977297,	4.970797	
11,9,	1.798875,	0.316068,	0.295353,	0.946049,	4.826178	
11,10,	1.708002,	0.349939,	0.330467,	0.863953,	4.692695	
11,11,	1.691003,	0.251945,	0.333286,	0.831069,	4.710356	
11,12,	1.693005,	0.273928,	0.291612,	0.889882,	4.805824	
11,13,	1.738121,	0.238940,	0.314048,	0.945179,	4.778225	
11,14,	1.689440,	0.183546,	0.353145,	0.840988,	4.463966	
11,15,	1.591207,	0.139904,	0.291256,	0.916515,	4.579871	
11,16,	1.696887,	0.236085,	0.337808,	0.871118,	4.637128	
11,17,	1.646092,	0.215866,	0.396735,	0.870993,	4.544210	
11,18,	1.536000,	0.228559,	0.300068,	0.913495,	4.659896	
11,19,	1.530856,	0.233230,	0.294511,	0.952312,	4.584894	
11,20,	1.585111,	0.237556,	0.380366,	0.766403,	4.465055	
11,21,	1.633499,	0.206027,	0.332387,	0.864209,	4.638324	
11,22,	1.583062,	0.340949,	0.302494,	0.875854,	4.633194	
11,23,	1.623824,	0.256162,	0.301511,	0.912984,	4.844499	
11,24,	1.557182,	0.311801,	0.359495,	0.796157,	4.587282	
12,1,	3.103007,	2.138577,	0.325058,	2.529990,	11.251552	
12,2,	2.450002,	1.134020,	0.260608,	1.638998,	7.013341	
12,3,	2.021004,	0.852922,	0.264217,	1.294040,	5.553335	
12,4,	1.969005,	0.606910,	0.275033,	1.268995,	5.233740	
12,5,	1.926006,	0.556927,	0.248771,	1.118127,	4.852382	
12,6,	1.813000,	0.521939,	0.264724,	0.923099,	4.562675	
12,7,	1.670002,	0.493945,	0.257555,	1.004981,	4.437579	
12,8,	1.752001,	0.436940,	0.267402,	0.931897,	4.329927	
12,9,	1.723002,	0.401945,	0.301564,	0.952134,	4.280852	
12,10,	1.656005,	0.371943,	0.264357,	0.907195,	4.225254	
12,11,	1.654002,	0.385936,	0.265032,	0.817976,	4.180366	
12,12,	1.694000,	0.424047,	0.267261,	0.838677,	4.122504	
12,13,	1.652005,	0.138583,	0.370488,	0.972745,	4.007064	
12,14,	1.683117,	0.254178,	0.327476,	0.924960,	4.113490	
12,15,	1.684103,	0.264668,	0.284381,	0.923408,	3.998258	
12,16,	1.682045,	0.266953,	0.329048,	0.940730,	4.037403	
12,17,	1.671999,	0.217143,	0.376154,	0.864918,	4.126201	
12,18,	1.647906,	0.235580,	0.281469,	0.907210,	4.111193	
12,19,	1.694071,	0.246687,	0.352224,	0.768856,	3.883584	
,20,	1.647001,	0.266315,	0.316302,	0.845608,	3.951106	
12,21,	1.678817,	0.264895,	0.337719,	0.813586,	3.894217	
12,22,	1.637380,	0.333571,	0.270838,	0.907984,	4.075184	
12,23,	1.635058,	0.323104,	0.324595,	0.942039,	4.000675	
12,24,	1.651086,	0.330015,	0.321710,	0.884978,	4.145299	
13,1,	3.697999,	2.540528,	0.313501,	2.870990,	19.462178
13,2,	2.826006,	1.326908,	0.312411,	1.985992,	9.144060	
13,3,	2.420005,	0.980915,	0.312234,	1.462992,	7.330252	
13,4,	2.304003,	0.814012,	0.318237,	1.269512,	6.630201	
13,5,	2.269003,	0.611927,	0.313039,	1.214996,	6.320188	
13,6,	2.207003,	0.440899,	0.312086,	1.153989,	5.974119	
13,7,	2.153003,	0.381989,	0.355179,	1.190996,	5.810619	
13,8,	2.041000,	0.438940,	0.313987,	1.026988,	5.614695	
13,9,	2.028001,	0.457964,	0.313161,	1.120992,	6.095188	
13,10,	2.024004,	0.471932,	0.274971,	1.036995,	5.423333	
13,11,	2.069005,	0.369905,	0.321752,	0.946781,	5.440160	
13,12,	2.062002,	0.352935,	0.327254,	1.014988,	5.456404	
13,13,	1.984000,	0.252987,	0.361998,	1.067216,	5.324240	
13,14,	1.985203,	0.262820,	0.391555,	0.968993,	5.377162	
13,15,	1.920526,	0.270287,	0.312285,	0.907815,	5.144616	
13,16,	1.927093,	0.278110,	0.364177,	0.967303,	5.371346	
13,17,	1.921002,	0.241448,	0.375800,	0.926994,	5.325695	
13,18,	1.958602,	0.250376,	0.388334,	0.875277,	5.199488	
13,19,	1.862076,	0.344987,	0.422973,	0.853613,	5.096353	
13,20,	1.949487,	0.294007,	0.356914,	0.980993,	5.333336	
13,21,	2.089494,	0.235435,	0.346690,	0.934052,	5.370246	
13,22,	1.871619,	0.291850,	0.321136,	0.880960,	5.510713	
13,23,	2.018572,	0.251117,	0.369802,	0.845069,	5.219126	
13,24,	1.909067,	0.404885,	0.390048,	0.907995,	5.237945	
14,1,	3.675005,	2.535565,	0.313492,	2.875995,	13.019734	
14,2,	2.854003,	1.336922,	0.313291,	1.827990,	7.813841	
14,3,	2.541005,	0.999914,	0.317188,	1.504989,	6.543233	
14,4,	2.340004,	0.772994,	0.291014,	1.287994,	6.056660	
14,5,	2.289007,	0.643264,	0.330617,	1.158992,	5.568358	
14,6,	2.154979,	0.593913,	0.292384,	1.159994,	5.283665	
14,7,	2.184000,	0.558940,	0.335812,	1.150994,	5.173881	
14,8,	2.191382,	0.562553,	0.315328,	1.148959,	5.423100	
14,9,	2.052002,	0.429937,	0.311512,	0.933990,	4.887832	
14,10,	2.085006,	0.329922,	0.316044,	0.982987,	5.104649	
14,11,	2.062999,	0.358940,	0.298795,	0.994994,	4.887095	
14,12,	2.076371,	0.314588,	0.314692,	1.004663,	4.888411	
14,13,	2.018768,	0.291190,	0.247817,	0.994959,	4.598865	
14,14,	1.993777,	0.198159,	0.422477,	0.994504,	4.654003	
14,15,	2.040719,	0.220344,	0.414361,	0.968645,	4.700235	
14,16,	1.967013,	0.287322,	0.294211,	0.977999,	4.573005	
14,17,	1.850097,	0.350675,	0.336480,	0.924987,	4.580200	
14,18,	1.982105,	0.289003,	0.319983,	0.972984,	4.487093	
14,19,	1.922428,	0.186499,	0.361578,	0.985865,	4.601465	
14,20,	1.902999,	0.372171,	0.278021,	0.945987,	4.737403	
14,21,	2.014844,	0.291058,	0.305564,	0.769988,	4.551439	
14,22,	1.937384,	0.376066,	0.307676,	0.960728,	4.851127	
14,23,	1.951118,	0.410948,	0.350043,	0.974958,	4.647221	
14,24,	1.971143,	0.336652,	0.367817,	1.001904,	4.621318	
15,1,	4.198003,	2.852075,	0.434440,	3.260994,	14.776222	
15,2,	3.254003,	1.538074,	0.356735,	1.974993,	8.674067	
15,3,	2.843004,	1.120135,	0.360971,	1.610992,	7.282364	
15,4,	2.834008,	0.818958,	0.361776,	1.393194,	6.575771	
15,5,	2.525002,	0.722476,	0.350893,	1.312989,	6.163452	
15,6,	2.364981,	0.628127,	0.365042,	1.365995,	6.063023	
15,7,	2.392002,	0.590945,	0.360928,	1.233989,	5.580474	
15,8,	2.348001,	0.447953,	0.353849,	1.158557,	5.726353	
15,9,	2.330998,	0.541239,	0.376912,	1.172356,	5.666096	
15,10,	2.391002,	0.505926,	0.358770,	1.131993,	5.427649	
15,11,	2.385003,	0.453959,	0.381399,	1.042945,	5.544658	
15,12,	2.225003,	0.442950,	0.345904,	1.135989,	5.427093	
15,13,	2.216000,	0.230617,	0.472178,	1.171628,	5.336833	
15,14,	2.296474,	0.212503,	0.430341,	1.108992,	5.060131	
15,15,	2.331388,	0.312746,	0.357878,	1.086985,	5.455125	
15,16,	2.202181,	0.299892,	0.395623,	1.005366,	5.121608	
15,17,	2.228001,	0.307029,	0.443210,	1.094988,	5.177005	
15,18,	2.240001,	0.366359,	0.446758,	1.073621,	5.188760	
15,19,	2.238137,	0.267094,	0.389977,	0.907871,	5.222136	
15,20,	2.193056,	0.351495,	0.385111,	1.082569,	5.270134	
15,21,	2.208114,	0.300891,	0.433192,	0.993980,	5.183911	
15,22,	2.237700,	0.247294,	0.399965,	1.011987,	5.091808	
15,23,	2.202765,	0.394126,	0.396167,	0.947060,	5.267347	
15,24,	2.141495,	0.328563,	0.439209,	0.975305,	5.148290	
16,1,	4.154850,	2.903152,	0.346611,	3.337538,	11.70920
16,2,	3.246006,	1.569900,	0.347205,	2.029041,	7.912602	
16,3,	2.838006,	1.078437,	0.434200,	1.554775,	6.852472	
16,4,	2.614006,	0.789942,	0.380011,	1.363877,	6.345840	
16,5,	2.513003,	0.792814,	0.423156,	1.273551,	5.674487	
16,6,	2.435999,	0.649671,	0.362349,	1.219872,	5.615546	
16,7,	2.382004,	0.613110,	0.357501,	1.289693,	5.560534	
16,8,	2.427226,	0.507660,	0.443300,	1.306851,	5.416410	
16,9,	2.281007,	0.549936,	0.356991,	1.150474,	5.281258	
16,10,	2.281167,	0.529555,	0.360613,	1.128924,	5.101761	
16,11,	2.290002,	0.611935,	0.358870,	1.158132,	5.155308	
16,12,	2.239003,	0.489937,	0.370513,	1.120479,	5.178273	
16,13,	2.249999,	0.274990,	0.428128,	1.039024,	4.733648	
16,14,	2.189001,	0.288748,	0.371894,	1.017560,	4.805215	
16,15,	2.152038,	0.353239,	0.356681,	1.086237,	4.796113	
16,16,	2.160468,	0.393522,	0.350591,	0.957176,	4.762625	
16,17,	2.166756,	0.387218,	0.394119,	0.955882,	4.794262	
16,18,	2.157112,	0.374336,	0.434140,	1.054044,	4.651346	
16,19,	2.217997,	0.326957,	0.403459,	0.957858,	4.721104	
16,20,	2.155459,	0.429565,	0.372204,	1.014802,	4.752658	
16,21,	2.190071,	0.393968,	0.348599,	0.964598,	4.727559	
16,22,	2.124887,	0.476077,	0.361124,	0.850019,	4.689620	
16,23,	2.146167,	0.539777,	0.362291,	0.969242,	4.746004	
16,24,	2.194432,	0.257111,	0.422692,	1.001862,	4.991186	
17,1,	5.024004,	1.475564,	0.290350,	3.965994,	42.574986	
17,2,	3.820005,	0.783925,	0.223668,	2.529998,	14.210329	
17,3,	3.414004,	0.556923,	0.206127,	2.327001,	11.944075	
17,4,	3.280005,	0.427923,	0.195174,	1.669971,	11.193949	
17,5,	3.178006,	0.294942,	0.204329,	1.664965,	10.475388	
17,6,	2.986005,	0.329932,	0.214290,	1.586970,	9.813486	
17,7,	2.932003,	0.396932,	0.112853,	1.573978,	9.711331	
17,8,	2.892005,	0.262697,	0.141978,	1.443000,	9.526013	
17,9,	2.939007,	0.329927,	0.212017,	1.388989,	10.045528
17,10,	2.906021,	0.237007,	0.179821,	1.488265,	9.588054	
17,11,	2.795007,	0.296941,	0.189363,	1.299978,	9.722754	
17,12,	2.744000,	0.269928,	0.195744,	1.358967,	9.164702	
17,13,	2.750994,	0.143433,	0.236129,	1.344970,	8.915920	
,14,	2.862284,	0.088704,	0.231154,	1.364389,	8.939178	
17,15,	2.678345,	0.183616,	0.177047,	1.419013,	8.858084	
17,16,	2.850011,	0.148965,	0.173117,	1.391971,	8.978021	
17,17,	2.860017,	0.110970,	0.165197,	1.248254,	9.014884	
17,18,	2.691471,	0.144452,	0.180558,	1.426999,	9.026937	
17,19,	2.598107,	0.201786,	0.177617,	1.378999,	9.087038	
17,20,	2.631700,	0.252320,	0.242215,	1.275760,	8.768069	
17,21,	2.764232,	0.113065,	0.203973,	1.339994,	9.581511	
17,22,	2.625350,	0.158593,	0.158692,	1.349992,	8.750427	
17,23,	2.668844,	0.218094,	0.236242,	1.291999,	10.733825	
17,24,	2.698643,	0.171742,	0.223231,	1.202993,	8.924953	
18,1,	4.948003,	1.471514,	0.292027,	4.086967,	25.775708	
18,2,	3.746004,	0.771925,	0.191672,	2.347990,	10.837796	
18,3,	3.521005,	0.486245,	0.193110,	2.159000,	9.523386	
18,4,	3.140004,	0.419342,	0.223225,	1.874000,	8.716812	
18,5,	3.056004,	0.448930,	0.189482,	1.763999,	8.237113	
18,6,	3.011008,	0.297964,	0.198690,	1.642999,	8.171685	
18,7,	2.954005,	0.330929,	0.204680,	1.439955,	7.984794	
18,8,	2.914099,	0.247843,	0.218713,	1.522990,	7.480761	
18,9,	2.877007,	0.283928,	0.213078,	1.469965,	7.334600	
18,10,	2.847007,	0.258886,	0.265913,	1.362992,	7.378091	
18,11,	2.876088,	0.228837,	0.206472,	1.444952,	7.418835	
18,12,	2.903264,	0.261669,	0.169978,	1.300993,	7.231483	
18,13,	2.846604,	0.160352,	0.196269,	1.494000,	6.981448	
18,14,	2.662234,	0.164093,	0.228056,	1.363348,	6.989856	
18,15,	2.953480,	0.071965,	0.187830,	1.457664,	7.263131	
18,16,	2.714249,	0.132886,	0.235000,	1.233984,	6.744843	
18,17,	2.772837,	0.178143,	0.238001,	1.411001,	6.966146	
18,18,	2.668225,	0.124771,	0.211612,	1.222988,	6.927850	
18,19,	2.632052,	0.205130,	0.234763,	1.326993,	7.240161	
18,20,	2.544148,	0.260842,	0.230633,	1.236245,	7.093438	
18,21,	2.940008,	0.129607,	0.218539,	1.376877,	7.188161	
18,22,	2.641187,	0.283824,	0.236260,	1.380000,	7.224798	
18,23,	2.764220,	0.138711,	0.201879,	1.350999,	7.046857	
18,24,	2.581247,	0.295748,	0.248506,	1.262873,	7.152487	
19,1,	5.496001,	1.653894,	0.321781,	4.341994,	28.290001	
19,2,	4.265002,	0.844983,	0.223215,	2.637992,	12.422090	
19,3,	3.787002,	0.623936,	0.243302,	2.295994,	10.509724	
19,4,	3.435006,	0.462298,	0.152173,	2.042990,	9.601631	
19,5,	3.384003,	0.457933,	0.243142,	1.865645,	9.258629	
19,6,	3.352003,	0.337931,	0.212720,	1.646978,	8.759096	
19,7,	3.173004,	0.375929,	0.237120,	1.550989,	8.277389	
19,8,	3.050003,	0.464942,	0.225208,	1.545076,	8.684396	
19,9,	3.162009,	0.301922,	0.205039,	1.526611,	8.201331	
19,10,	3.182009,	0.262594,	0.305745,	1.549993,	8.737078	
19,11,	3.072003,	0.350936,	0.238342,	1.555994,	8.384516	
19,12,	3.129006,	0.414932,	0.219531,	1.382987,	7.928193	
19,13,	3.216006,	0.119978,	0.240984,	1.627990,	8.006016	
19,14,	3.138052,	0.212926,	0.208056,	1.399589,	7.691946	
19,15,	2.964501,	0.195464,	0.282915,	1.395281,	7.837711	
19,16,	3.052008,	0.110906,	0.237526,	1.366252,	7.660767	
19,17,	2.968976,	0.180994,	0.236299,	1.433990,	7.610603	
19,18,	2.869856,	0.172751,	0.364387,	1.500833,	7.751699	
19,19,	2.931050,	0.126602,	0.299078,	1.457685,	7.879636	
19,20,	2.839721,	0.238101,	0.280134,	1.451986,	7.709961	
19,21,	3.087010,	0.083988,	0.264363,	1.346986,	7.713953	
19,22,	3.131410,	0.143949,	0.306012,	1.406648,	7.611631	
19,23,	3.121010,	0.119086,	0.249617,	1.336849,	7.659545	
19,24,	2.807064,	0.398945,	0.263244,	1.291963,	7.679914	
20,1,	5.406003,	1.727019,	0.214738,	4.494999,	19.548228
20,2,	4.249006,	0.884317,	0.223187,	2.632964,	10.99513	
20,3,	3.922009,	0.605134,	0.224633,	2.266958,	9.260845	
20,4,	3.542004,	0.529925,	0.227123,	1.993706,	8.573483
20,5,	3.539007,	0.423915,	0.216244,	1.715988,	8.015553	
20,6,	3.446007,	0.361919,	0.231234,	1.730993,	7.823281	
20,7,	3.479006,	0.413921,	0.225106,	1.560989,	7.813772	
20,8,	3.242007,	0.401021,	0.229366,	1.519958,	7.315082	
20,9,	3.175007,	0.325388,	0.226151,	1.632961,	7.471274	
20,10,	3.188004,	0.454933,	0.209913,	1.620990,	7.231690	
20,11,	2.954963,	0.330944,	0.185135,	1.486963,	7.198865	
20,12,	3.156447,	0.242639,	0.190854,	1.397990,	6.984849	
20,13,	3.168572,	0.052995,	0.284830,	1.558069,	6.699779	
20,14,	3.176330,	0.112498,	0.245600,	1.527992,	6.682763	
20,15,	3.032507,	0.135181,	0.306756,	1.593999,	7.076933	
20,16,	2.894124,	0.217521,	0.276634,	1.601999,	6.730922	
20,17,	3.270008,	0.087706,	0.162282,	1.385962,	6.731404	
20,18,	3.378803,	0.070063,	0.224747,	1.254667,	6.937158	
20,19,	3.042610,	0.166978,	0.246437,	1.240968,	6.852095	
20,20,	2.902214,	0.141765,	0.356953,	1.445993,	6.925406	
20,21,	2.871111,	0.166508,	0.312049,	1.416710,	6.549695	
20,22,	3.046275,	0.239614,	0.293990,	1.446991,	6.983618	
20,23,	2.984208,	0.334464,	0.180450,	1.334524,	6.789071	
20,24,	2.804616,	0.254606,	0.121675,	1.368896,	6.448220	
21,1,	6.174007,	1.815601,	0.354786,	4.691993,	31.254244	
21,2,	4.552007,	0.949024,	0.258126,	3.005992,	13.555960	
21,3,	4.157007,	0.579963,	0.306382,	2.493991,	11.402445	
21,4,	3.918004,	0.598429,	0.243448,	2.151948,	10.349963	
21,5,	3.752006,	0.514919,	0.268299,	2.158993,	9.997278	
21,6,	3.756002,	0.543927,	0.202014,	1.907990,	9.846548	
21,7,	3.504005,	0.375466,	0.280500,	1.801995,	9.769063	
21,8,	3.534005,	0.526940,	0.226689,	1.868984,	9.535086	
21,9,	3.423006,	0.399931,	0.296807,	1.664988,	8.901794	
21,10,	3.393001,	0.340799,	0.264492,	1.761015,	9.432076	
21,11,	3.435002,	0.571964,	0.248935,	1.588709,	9.280012	
21,12,	3.420002,	0.440932,	0.245957,	1.577994,	8.963014	
21,13,	3.508007,	0.035272,	0.261040,	1.664992,	8.638717	
21,14,	3.338183,	0.075452,	0.242048,	1.802368,	8.595634	
21,15,	3.548126,	0.040226,	0.284827,	1.635263,	8.473416	
21,16,	3.453013,	0.186379,	0.279716,	1.587172,	8.584459	
21,17,	3.484377,	0.115608,	0.272690,	1.628366,	8.382885	
21,18,	3.689844,	0.086097,	0.274583,	1.542954,	8.657777	
21,19,	3.341140,	0.238934,	0.281988,	1.580994,	8.396083
21,20,	3.580642,	0.041248,	0.262832,	1.646563,	8.778693	
21,21,	3.136162,	0.319172,	0.310184,	1.415359,	8.319573	
21,22,	3.401795,	0.109205,	0.233254,	1.409227,	8.251770	
21,23,	3.350032,	0.233464,	0.197068,	1.455982,	8.610536	
21,24,	3.417519,	0.101113,	0.293128,	1.416993,	8.443843	
22,1,	6.181005,	1.806874,	0.355353,	4.801998,	21.193966	
22,2,	4.553005,	1.008451,	0.222785,	3.107990,	11.769993	
22,3,	4.218006,	0.616225,	0.234166,	2.508928,	10.333268	
22,4,	4.025008,	0.477171,	0.242538,	2.145723,	8.960243	
22,5,	3.706013,	0.499914,	0.228608,	1.920966,	8.729224	
22,6,	3.681010,	0.375905,	0.229805,	1.833986,	8.633404	
22,7,	3.637985,	0.498919,	0.240763,	1.804764,	8.143897	
22,8,	3.429003,	0.462364,	0.283998,	1.672992,	7.810133	
22,9,	3.499403,	0.447529,	0.242879,	1.670746,	7.900278	
22,10,	3.481008,	0.330929,	0.237579,	1.571994,	7.829405	
22,11,	3.404007,	0.395185,	0.259501,	1.462988,	7.759208	
22,12,	3.340006,	0.375991,	0.266159,	1.508604,	7.855254	
22,13,	3.412085,	0.184038,	0.307996,	1.703992,	7.584649	
22,14,	3.325066,	0.239652,	0.202103,	1.681579,	7.264041	
22,15,	3.375538,	0.055032,	0.344844,	1.619208,	7.536634	
22,16,	3.331035,	0.205374,	0.260936,	1.540955,	7.711337
22,17,	3.463736,	0.178483,	0.275205,	1.646967,	7.681455
22,18,	3.373586,	0.164885,	0.244738,	1.611522,	7.648801
22,19,	3.383163,	0.129833,	0.245487,	1.584380,	7.286426
22,20,	3.119473,	0.316624,	0.249011,	1.378108,	7.139245
22,21,	3.498691,	0.078391,	0.260870,	1.596582,	7.692089
22,22,	3.317127,	0.131325,	0.311697,	1.562624,	7.442109
22,23,	3.257489,	0.218125,	0.318385,	1.645710,	7.413833
22,24,	3.252103,	0.264984,	0.246866,	1.460525,	7.585845
23,1,	6.744003,	1.982289,	0.387711,	5.064988,	23.19049	
23,2,	5.176006,	1.039468,	0.266648,	3.284991,	12.94409	
23,3,	4.510006,	0.744979,	0.263123,	2.766994,	10.78538	
23,4,	4.255005,	0.642929,	0.352643,	2.259985,	9.888447
23,5,	4.169961,	0.520965,	0.266894,	1.953986,	9.502311
23,6,	4.067654,	0.519282,	0.259494,	1.938987,	9.239430
23,7,	4.053006,	0.464926,	0.285981,	1.918103,	9.081034
23,8,	3.780002,	0.391402,	0.268769,	1.867995,	8.887239
23,9,	3.703000,	0.507935,	0.237207,	1.715889,	8.475070
23,10,	3.691005,	0.437977,	0.278601,	1.852992,	8.780765
23,11,	3.823004,	0.496925,	0.270839,	1.716652,	8.640390
23,12,	3.621001,	0.423940,	0.260204,	1.618992,	8.285626
23,13,	3.953008,	0.036487,	0.254512,	1.702753,	8.110656
23,14,	3.618576,	0.203133,	0.270831,	1.680396,	7.877099
23,15,	3.705597,	0.176709,	0.257341,	1.531992,	7.879731
23,16,	3.710416,	0.140643,	0.313918,	1.657964,	7.964033
23,17,	3.786023,	0.091994,	0.350396,	1.693104,	8.110216
23,18,	3.711014,	0.097995,	0.360464,	1.769654,	8.320947
23,19,	3.758007,	0.120996,	0.235801,	1.782994,	8.149908
23,20,	3.807854,	0.247256,	0.252116,	1.440578,	7.902781
23,21,	3.484170,	0.246906,	0.361574,	1.611681,	7.922459
23,22,	3.859855,	0.168234,	0.361769,	1.559960,	8.186656
23,23,	3.497231,	0.238610,	0.189039,	1.587995,	7.823034
23,24,	3.521416,	0.099090,	0.326695,	1.446575,	7.693761
24,1,	6.767006,	1.970194,	0.387643,	5.165362,	17.96389
24,2,	5.249116,	1.077970,	0.247551,	3.292994,	12.026157	
24,3,	4.546007,	0.804917,	0.258982,	2.694993,	10.364512	
24,4,	4.454009,	0.651915,	0.271159,	2.500992,	9.836937	
24,5,	4.189006,	0.529923,	0.257647,	2.168994,	8.787836	
24,6,	4.141008,	0.434936,	0.272699,	2.136981,	9.042604	
24,7,	3.868007,	0.509529,	0.283419,	1.788985,	8.482248	
24,8,	3.742001,	0.372342,	0.269997,	1.961000,	8.210600	
24,9,	3.806005,	0.512924,	0.267838,	1.820990,	8.179550	
24,10,	3.780004,	0.448933,	0.275934,	1.840994,	8.129951	
24,11,	3.606006,	0.357300,	0.226269,	1.929990,	8.179853	
24,12,	3.715286,	0.356647,	0.261031,	1.797965,	8.094101	
24,13,	3.939709,	0.113280,	0.311903,	1.725678,	7.646582	
24,14,	3.840084,	0.220773,	0.202524,	1.815000,	7.648571	
24,15,	3.819218,	0.185147,	0.192214,	1.677986,	7.642862	
24,16,	4.060064,	0.116858,	0.256987,	1.972992,	8.131263	
24,17,	3.876006,	0.120937,	0.274024,	1.679237,	7.384492	
24,18,	3.796892,	0.202085,	0.262137,	1.608715,	7.669871	
24,19,	3.577008,	0.266337,	0.398099,	1.670985,	7.609570	
24,20,	3.466221,	0.187443,	0.269878,	1.617205,	7.176865	
24,21,	3.747068,	0.140482,	0.284998,	1.616229,	7.557970	
24,22,	3.785198,	0.253783,	0.266716,	1.610426,	7.470715	
24,23,	3.646583,	0.099405,	0.404037,	1.591803,	7.399421	
24,24,	3.528092,	0.181270,	0.346518,	1.441985,	7.486348	